Var	Gi1_activation rate_mean_100qm	Gi1_activation rate_mean_10qm	Gi1_activation rate_pval_100qm	Gi1_activation rate_pval_10qm	Gi1_amplitude_mean_100qm	Gi1_amplitude_mean_10qm	Gi1_amplitude_pval_100qm	Gi1_amplitude_pval_10qm	GoA_activation rate_mean_100qm	GoA_activation rate_mean_10qm	GoA_activation rate_pval_100qm	GoA_activation rate_pval_10qm	GoA_amplitude_mean_100qm	GoA_amplitude_mean_10qm	GoA_amplitude_pval_100qm	GoA_amplitude_pval_10qm	Gz_activation rate_mean_100qm	Gz_activation rate_mean_10qm	Gz_activation rate_pval_100qm	Gz_activation rate_pval_10qm	Gz_amplitude_mean_100qm	Gz_amplitude_mean_10qm	Gz_amplitude_pval_100qm	Gz_amplitude_pval_10qm	Labcode	Variant	SurfaceExpression	SurfaceExpression_sem	SurfaceExpression_n	SurfaceExpression_p	TotalExpression	TotalExpression_sem	TotalExpression_n	TotalExpression_p	AA consequence	Transcript Consequence	sequence number for sorting	SequenceNumber	GPCRdb	Segment	WTaa	NMaa	GPCRdb_short	number_of_impairments	number_of_impairments_Gi1	number_of_impairments_GoA	number_of_impairments_Gz	number_of_across_pathways	mean_amplitudes
F389V  6x51					1,52025177388764	-0,451969295454684	0,0001	0,0001	0,240074354715197				8,85684341189546	4,55484196996132	0,0044	0,0008					-3,58021873305018	0,842395558187738	0,0001	0,0001	DRD2MT74	F389V	52,8567910648192	5,25303362103681	5	0,4971	60,116972220734	5,15604929434625	5	0,8066	F389V	c.1165T>G	389	389	6.51x51	TM6	F	V	6x51	6	2	2	2	3	1,95702411423788
F390L  6x52					-7,63719342399652	-23,9732261062021	0,0001	0,0001	0,546717666275797				12,092200556571	9,16850353921371	0,0073	0,0019					-0,0367012439920515	-2,42756873673919	0,0001	0,0001	DRD2MT84	F390L	31,4284311303842	3,81170173537527	5	0,0213	47,9930240902097	4,42582201317008	5	0,2313	F390L	c.1168T>C 	390	390	6.52x52	TM6	F	L	6x52	6	2	2	2	3	-2,13566423585753
R61H  1x59					-18,4846277415587	-12,9208664919636	0,0001	0,0001	0,215961564285516				21,8773900012405	20,9518445997219	0,0553	0,0312					-7,19455076247779	-9,50052363759526	0,0001	0,0001	DRD2MT96	R61H	48,7956941852322	13,6072319321464	5	0,3221	44,8958854108202	14,2478324235924	5	0,1475	R61H	c.182G>A	61	61	1.59x59	TM1	R	H	1x59	5	2	1	2	3	-0,878555672105492
R268W  	1,11682086993854	0,927856957874062	0,9998	0,9999	52,9994791682238	57,2418871632727	0,0011	0,2547	1,46527804955801	1,11605424137647	0,0077	0,9999	41,268658907886	22,5891851080654	0,3501	0,0388	0,0827598659076153	0,0483351572265025	0,0397	0,9984	57,4916742799949	47,1343573037227	0,1024	0,1175	DRD2MT40	R268W	86,2639093920381	7,83511841856332	5	0,9996	82,7053017838929	5,72770586797634	5	0,9993	R268W	c.802C>T	268	268		ICL3	R	W		4	1	2	1	3	46,4542069885276
T134I  3x52	1,5002843426143	1,31874218039095	0,4468	0,9655	63,4588220839455	69,1911964869417	0,0233	0,7851	2,9625740965505	2,60632310634041	0,9998	0,9655	71,8779406340382	66,9652174195708	0,9906	0,9768	0,104583502713144	0,0931654185867146	0,0001	0,0001	115,18568157674	105,317972638173	0,9997	0,9998	DRD2MT68	T134I	103,529070271081	20,6773722611091	5	0,9992	113,753609826433	21,2707942171899	5	0,9914	T134I	c.401C>T	134	134	3.52x52	TM3	T	I	3x52	3	1	0	2	2	81,9994718065682
A84T  2x54	0,585167206073548	0,486301969265303	0,1466	0,6975	49,4209799602829	40,3196937456687	0,0004	0,0171	1,61157671212468	1,6859503587348	0,2522	0,6975	59,8216501773847	63,5553521787946	0,8491	0,9331	0,0136245450112421	0,0030498160721541	0,3223	0,0122	74,1918860212694	125,886920297619	0,5718	998	DRD2MT82	A84T	25,8843307523554	7,62438685391638	5	0,0068	39,9149653640193	9,00986628422215	5	0,0644	A84T	c.250G>A	84	84	2.54x54	TM2	A	T	2x54	3	2	0	1	2	68,8660803968366
D131N  3x49	0,729954486187684	0,625903480521949	0,7026	0,9826	39,2713941298359	40,3264925741429	0,0001	0,0171	1,56668891613588	1,59757671813939	132	0,9826	45,4747423828748	40,6322105587672	0,3628	0,1915	0,0185819312013888	0,0112326563490733	0,6565	0,1592	44,6465207634294	77,2291053025666	0,0147	0,9911	DRD2MT69	D131N	29,4695179576845	5,35459216269019	5	0,0144	52,6145440189318	7,54318197315689	5	0,4126	D131N	c.391G>A	131	131	3.49x49	TM3	D	N	3x49	3	2	0	1	2	47,9300776186028
V223I  5x72	1,0240132345406	0,878656485472106	0,9996	0,9996	65,005211836463	41,398430302776	34	0,0211	2,07376487203116	2,1619049460399	0,9982	0,9996	53,7874008330458	70,9957253861413	0,6406	0,9833	0,0525055856370008	0,0529983123481548	999	0,9795	102,9576543045	98,149405366139	0,9989	0,9997	DRD2MT17	V223I	94,8230955557848	10,2249847471884	5	0,9999	88,3323304588024	7,11513102857642	5	0,9997	V223I	c.667G>A	223	223	5.72x72	TM5	V	I	5x72	2	2	0	0	1	72,0489713381775
R434H  8x51	0,615093148149492	0,497844310413337	0,2188	0,7424	62,5200288366207	60,3375995330044	0,0183	0,3643	1,53953445977755	1,78909082523521	0,4707	0,7424	149,903053201942	130,111719280357	0,9755	0,9983	0,0149055542455742	0,0134332019387496	0,3972	0,2684	94,557187395336	86,7113574790838	998	0,9988	DRD2MT108	R434H	37,8576246331654	8,60831944358872	5	0,0684	45,5447546848871	9,5492737345813	5	0,1627	R434H	c.1301G>A	434	434	8.51x51	H8	R	H	8x51	1	1	0	0	1	97,356824287724
R145H  34x56	0,848546519232829	0,794616177980385	0,9909	0,9991	63,4951227590527	79,213495624097	0,0235	0,9907	2,09651264679237	2,122747184633	0,9919	0,9991	83,7486927265144	96,8843402547097	0,9986	0,9996	0,0425675813333367	0,0390664512367983	0,9999	0,9999	113,921008907968	102,897260896869	0,9997	0,9999	DRD2MT20	R145H	97,481828077319	13,8011966786831	5	0,9997	90,0070837670749	7,41048138454207	5	0,9999	R145H	c.434G>A	145	145	34.56x56	ICL2	R	H	34x56	1	1	0	0	1	90,0266535282018
E99K  23x49	0,945168383778561	0,757030049447368	0,9988	0,9988	60,1027837284122	55,4620029139985	0,0097	0,2032	2,16909571199744	2,15396031251144	0,9981	0,9988	59,2049545039058	82,6146914554803	0,8303	0,9986	0,0300744212062205	0,0269145714361775	0,9982	0,9981	139,69322491838	127,112690345858	0,9985	0,9917	DRD2MT16	E99K	71,1806567248088	12,0929388696787	5	998	66,9149138506945	6,56032523483291	5	0,98	E99K	c.295G>A	99	99	23.49x49	ECL1	E	K	23x49	1	1	0	0	1	87,3650579776725
K226R  5x75	1,13946100636262	1,06289667564191	0,9997	0,9994	110,55608981411	97,5245240980066	0,9999	0,9996	2,69906664125494	2,51383464661693	0,9999	0,9994	75,0358056237435	83,9439908419791	0,9979	0,9988	0,0688050740934187	0,0452280607221531	604	999	47,0564701945243	90,6596587771356	0,0221	0,9991	DRD2MT80	K226R	65,9293919089724	16,0559056881149	5	0,9794	69,6269768015961	15,0114264459971	5	0,9911	K226R	c.677A>G	226	226	5.75x75	TM5	K	R	5x75	1	0	0	1	1	84,1294232249165
D309N  	1,14416444443524	0,85260405991503	0,9996	0,9994	59,2963344849145	61,4101888149247	0,0077	0,4082	2,16383735604909	2,0474337028161	0,9799	0,9994	59,1138391799381	101,759320697816	0,9037	0,9999	0,0339484100167044	0,0292504313195119	0,9989	0,9986	112,0975449377	109,480948527468	0,9996	0,9996	DRD2MT10	D309N	73,4088942453144	10,4709982538295	5	0,9983	82,1437450531176	2,12655713158265	5	0,9993	D309N	c.925G>A	309	309		ICL3	D	N		1	1	0	0	1	83,8596961071269
G24R  	0,999793975348051	0,941100782705696	0,9994	0,9999	60,2340961267221	62,1310730314729	0,01	0,4395	2,00506720394206	2,13254849108895	0,9979	0,9999	77,6341486855558	87,8199356777497	0,9982	0,9991	0,0368509915269599	0,032263786936826	0,9993	0,9991	100,118254497502	104,111855088578	0,9986	0,9999	DRD2MT23	G24R	90,2216898174522	15,4884609276473	5	0,9998	65,8535194466014	8,78822325489544	5	0,9776	G24R	c.70G>A	24	24		N-term	G	R		1	1	0	0	1	82,0082271845967
R360C  	0,926319904158217	1,00919464828774	0,9986	0,9997	66,4879129545342	72,3381025094444	0,0479	0,9129	2,22557977227099	2,37486908339803	0,9994	0,9997	73,3463960596128	69,0752461826258	0,9913	0,9802	0,0699244142326271	0,0612694008291648	522	0,4094	118,479084549128	91,4761073490122	0,9999	0,9993	DRD2MT65	R360C	94,0459287218966	11,2632168632956	5	0,9999	89,1441445655567	11,2477162404394	5	0,9998	R360C	c.1078C>T	360	360		ICL3	R	C		1	1	0	0	1	81,8671416007262
R20Q  	0,819794992536338	0,742163948408706	0,9794	0,9986	57,1968494491359	61,2600803781284	0,0042	0,4019	2,18196806134639	2,16598138597258	0,9983	0,9986	76,9613324083415	85,6653190939487	0,9981	0,9989	0,0391252291041514	0,038682418494553	0,9996	0,9999	100,607902934707	96,659858354708	0,9987	0,9996	DRD2MT22	R20Q	120,823994319826	24,6374596335917	5	0,9768	97,599225278179	19,6024017810075	5	0,9996	R20Q	c.59G>A	20	20		N-term	R	Q		1	1	0	0	1	79,7252237698283
E291K  	1,12892602714087	0,745907397040211	0,9997	0,9987	66,2896804166473	82,8166259650454	0,0458	0,9981	1,93682604013588	2,22068789455866	0,9986	0,9987	62,2023944857521	70,7353678161757	912	0,9828	0,0399153230634149	0,0354508559564369	0,9997	0,9996	98,2925787752778	92,3050692274998	0,9985	0,9993	DRD2MT42	E291K	80,0867581444152	4,92943017472503	5	999	77,4899991533539	7,23774086254032	5	0,9988	E291K	c.871G>A	291	291		ICL3	E	K		1	1	0	0	1	78,773619447733
R294W  	1,03803190051266	0,722466570442687	0,9997	0,9985	65,9582606945997	58,5835832605192	0,0424	0,2989	2,3240995397785	2,19082629546688	0,9983	0,9985	70,4477450826446	79,7667782066992	0,9822	0,9984	0,0345188592075218	0,0293909810725401	999	0,9986	94,926867670968	92,5834052061552	0,9981	0,9993	DRD2MT21	R294W	99,8394311814638	19,0767023156152	5	0,9995	99,2713958203714	11,9259496933828	5	0,9994	R294W	c.880C>T	294	294		ICL3	R	W		1	1	0	0	1	77,0444400202643
R269K  	0,982379828364952	1,07626899178065	0,9992	0,9993	58,5637049209609	63,7222773631006	0,0063	0,5127	2,56341930468182	2,14577229732774	998	0,9993	81,8182024379431	76,3724019526529	0,9985	998	0,0633113518247566	0,0640902974793073	0,9521	0,2254	86,9400558634008	91,7634192229739	0,9779	0,9993	DRD2MT58	R269K	96,5866797575649	10,8492757449996	4	0,9997	84,7376013006504	10,0752916782298	4	0,9995	R269K	c.806G>A	269	269		ICL3	R	K		1	1	0	0	1	76,5300102935054
N176D  	0,886020362138465	0,858163938136716	0,9982	0,9995	64,8797844712168	56,2548341167269	0,0329	0,2252	2,18885024882414	1,96114430726596	0,9076	0,9995	62,1333555539119	68,1246508878112	0,9103	0,9788	0,0522124861611587	0,035606836471371	999	0,9997	98,875450491824	98,0214580650457	0,9985	0,9997	DRD2MT12	N176D	65,0684900288329	9,56161863333179	5	0,9775	75,4903446307556	7,45081372749242	5	0,9985	N176D	c.526A>G	176	176		ECL2	N	D		1	1	0	0	1	74,7149222644227
H442Y  8x59	1,08331533589337	0,774398566152744	0,9999	999	66,022647447561	54,8330655053331	0,0431	0,1871	2,34434683705463	2,18333108121631	0,9983	999	45,5101900267647	72,8281486413522	0,4727	0,9911	0,0302070296203547	0,0232324467397647	0,9983	0,9775	97,6534339870783	100,534959905252	0,9984	0,9999	DRD2MT07	H442Y	60,6639613108888	16,9999925752972	5	0,8779	77,7104314024602	29,3704276391477	5	0,9988	H442Y	c.1324C>T	442	442	8.59x59	H8	H	Y	8x59	1	1	0	0	1	72,8970742522236
V200M  5x49	0,867766021272796	0,968506610592485	0,9979	0,9999	55,9273907335102	57,4705496980549	0,0029	0,2618	2,18817773902854	1,87528096364778	0,7031	0,9999	42,5420936646997	75,3298408249366	0,3845	0,9979	0,0324797028128055	0,0228260411750475	0,9986	0,9687	101,871120024983	101,658589698172	0,9988	0,9999	DRD2MT08	V200M	67,6334904540578	8,97146854280742	5	0,9826	78,7771484392255	8,83640155509328	5	0,9989	V200M	c.598G>A	200	200	5.49x49	TM5	V	M	5x49	1	1	0	0	1	72,4665974407261
R20W  	1,15259129738495	0,82004028876729	0,9996	0,9993	65,4655473822081	67,8313717924387	0,0378	0,7185	2,24644249717248	2,0989307967979	0,9919	0,9993	56,3199162808705	62,6722039745864	0,7329	0,9137	0,0491636011699861	0,039000980219192	0,9994	0,9999	92,7496958248332	85,2363238623731	0,9919	0,9986	DRD2MT37	R20W	101,944100136732	2,51016757174122	5	0,9993	110,097761389236	9,58099916003611	5	0,9983	R20W	c.58C>T	20	20		N-term	R	W		1	1	0	0	1	71,712509852885
R275Q  	1,06471085448385	0,863137853358425	0,9999	0,9996	64,351735782695	76,0498669342259	29	0,9783	2,3519396342901	2,06856469193014	0,9909	0,9996	69,84987026252	61,2129661532877	0,9813	0,8744	0,0421918012226027	0,0418681902060976	0,9999	0,9996	75,0326456129654	80,9070302653815	0,6079	0,9982	DRD2MT41	R275Q	84,2117005492257	5,12627462288236	5	0,9994	82,8180959575018	6,4398408480211	5	0,9993	R275Q	c.824G>A	275	275		ICL3	R	Q		1	1	0	0	1	71,2340191685126
A323T  	0,984610451650778	0,906886826762193	0,9993	0,9998	70,2952045173225	68,7992656005877	0,1076	0,7661	2,34649853196804	2,55937454415182	0,9999	0,9998	62,2744980962065	59,6989659613797	0,9135	0,8261	0,066574117248078	0,0698398162224449	0,7705	0,0464	78,6924810050178	76,7326270564095	0,7661	0,9908	DRD2MT64	A323T	100,618766436387	13,4481101309862	5	0,9994	90,7852838721204	12,2022024724627	5	0,9999	A323T	c.967G>A	323	323		ICL3	A	T		1	0	0	1	1	69,4155070394873
T67S  2x37	1,018730787487	0,902446162304861	0,9995	0,9997	60,3919642980068	54,1870215034083	0,0105	0,1715	1,72305952436036	2,20792086811394	0,9985	0,9997	63,1064915806772	79,3197959676693	0,9306	0,9983	0,0369469144488299	0,0253732825674222	0,9993	991	79,0808777932024	76,2019005964375	0,7824	0,9836	DRD2MT19	T67S	66,6406180715527	15,872479526358	5	0,9807	64,4799632707045	8,47148546797029	5	0,9606	T67S	c.199A>T	67	67	2.37x37	TM2	T	S	2x37	1	1	0	0	1	68,7146752899003
V53M  1x51	1,10933248634846	0,69521923306097	0,9999	0,9982	66,1721196568927	81,9309794403793	0,0446	998	1,83153775540159	2,08848327561648	998	0,9982	48,5526201594324	49,2171530026402	0,4575	0,5539	0,0494687065984305	0,0407985892239529	0,9993	0,9997	71,9070504641221	75,7481971835179	0,4775	0,9827	DRD2MT34	V53M	90,0540190528406	7,14157804941533	5	0,9998	94,6432598411443	4,62401609513939	5	0,9998	V53M	c.157G>A	53	53	1.51x51	TM1	V	M	1x51	1	1	0	0	1	65,5880199844974
A376T  6x38	0,765220828736293	0,749014721324006	0,8664	0,9987	54,7135420629383	56,8707660632556	2	0,2432	2,22288556787288	2,15192661667652	0,9982	0,9987	53,5958585968642	46,5928447840417	0,6338	0,3418	0,0456956408810725	0,0422461979756721	0,9997	0,9995	93,836389396777	82,084580849391	998	0,9983	DRD2MT67	A376T	77,717697185568	10,8371595227965	5	0,9988	89,6118853886364	10,18054673525	5	0,9999	A376T	c.1126G>A	376	376	6.38x38	TM6	A	T	6x38	1	1	0	0	1	64,6156636255446
R61C  1x59	0,737012191303571	0,77914114806765	738	999	46,3165664232785	51,7361091738228	0,0001	0,1214	1,84691578037978	2,26978931666498	0,9988	999	51,0464366137458	59,0306738611138	0,5422	0,8027	0,0395712150658131	0,0421894415850521	0,9996	0,9995	76,4949123156603	75,6782714597263	0,6718	0,9825	DRD2MT47	R61C	60,6804476683392	7,79708781474754	5	0,8783	75,4802153258356	9,93399349159947	5	0,9985	R61C	c.181C>T	61	61	1.59x59	TM1	R	C	1x59	1	1	0	0	1	60,0504949745579
R268Q  	1,21428676024153	0,709473066714563	999	0,9984	57,4557751578927	64,1633715114249	0,0046	0,5342	2,749775516596	1,72702565031684	0,4329	0,9984	45,5780117320359	45,8399345242458	0,3657	0,3194	0,0359019419126023	0,032175602854089	0,9992	0,9991	74,3735353165471	64,9372625350912	0,5796	0,7377	DRD2MT39	R268Q	91,5661763499627	16,8899003281962	5	0,9999	94,5336973028795	5,89246630408635	5	0,9998	R268Q	c.803G>A	268	268		ICL3	R	Q		1	1	0	0	1	58,7246484628729
Y408C  7x34	0,779639821963312	0,750864664559677	0,9174	0,9988	61,4020954817546	52,578677456951	0,0137	0,1372	2,10737018362745	1,7106744427145	0,2967	0,9988	51,8834811033848	44,7587507323302	0,5718	0,2891	0,0258151948001412	0,0118033172692974	981	0,1834	69,2064960648235	59,5043400386146	377	0,4846	DRD2MT75	Y408C	57,7011191705796	10,8199698243543	5	0,7434	65,8157302825486	10,8289536689136	5	0,9775	Y408C	c.1223A>G	408	408	7.35x34	TM7	Y	C	7x34	1	1	0	0	1	56,5556401463098
T254A  	0,899450610498339	0,82303126336354	0,9983	0,9993	110,067027257819	109,84360397751	0,9999	0,9996	1,95638664931462	1,90827745114413	791	0,9993	154,259055823722	150,008234824028	0,9085	0,8154	0,0394082332232018	0,0302765048214372	0,9996	0,9988	117,761189625031	117,841726862656	0,9999	0,9989	DRD2MT100	T254A	73,4126821237138	13,418847214048	5	0,9983	77,8961962712716	9,88156000948678	5	0,9988	T254A	c.760A>G	254	254		ICL3	T	A		0	0	0	0	0	126,630139728461
L363F  6x25	1,04381512771636	0,919785356016069	0,9997	0,9999	118,358456020644	132,535774325373	0,9992	0,9634	1,95160374311682	2,52100798840468	0,9999	0,9999	122,238361421805	133,927058015285	0,9993	998	0,0424316962953466	0,0400977888971424	0,9999	0,9998	123,387345301599	123,931431645173	0,9997	0,9982	DRD2MT116	L363F	81,9183635268455	6,28798727836995	5	0,9992	83,0621281660554	8,45844595567419	5	0,9993	L363F	c.1087C>T	363	363	6.25x25	TM6	L	F	6x25	0	0	0	0	0	125,729737788313
H316P  	0,93201863757448	0,834383013321047	0,9987	0,9994	118,120348698129	113,477810134776	0,9993	0,9993	2,32307511328126	2,19192912804343	0,9983	0,9994	134,0661394117	138,090741047123	0,9985	0,9903	0,0409846248317353	0,0289122338095368	0,9997	0,9985	118,942945501628	115,639559425073	0,9999	0,9991	DRD2MT99	H316P	69,9226051840774	15,7529366722958	5	0,9917	78,3283253287287	13,6974417945799	5	0,9988	H316P	c.947A>C	316	316		ICL3	H	P		0	0	0	0	0	123,056257369738
I158V  4x48	1,09011465379416	1,00957135083299	0,9999	0,9997	128,232964996338	122,138847399043	0,9912	0,9984	2,27471489063487	2,23012802897281	0,9986	0,9997	116,731616962404	115,299266862383	0,9996	0,9994	0,046686506853446	0,0371715398340607	0,9997	0,9999	128,974353340564	123,627964306913	0,9994	0,9983	DRD2MT122	I158V	73,7780111411043	12,5880618720073	5	0,9983	79,0485369483079	12,9986047112063	5	999	I158V	c.472A>G	158	158	4.48x48	TM4	I	V	4x48	0	0	0	0	0	122,500835644608
V91F  2x60	0,850448952608138	0,69391352227119	991	0,9982	110,288832299281	96,3690591734907	0,9999	0,9995	1,91818886617754	1,7682362419678	0,4199	0,9982	161,306692860746	164,396800368937	0,6999	0,2957	0,0310838655171572	0,0257836625871054	0,9984	0,9916	103,970204680569	98,2256907655494	999	0,9997	DRD2MT105	V91F	89,6316376655856	14,3116941510002	5	0,9998	85,3858896753921	14,2654695547118	5	0,9995	V91F	c.271G>T	91	91	2.61x60	TM2	V	F	2x60	0	0	0	0	0	122,426213358096
K339R  	0,978369123433789	0,830934698573513	0,9992	0,9993	106,104440176075	102,74737321166	0,9996	0,9999	2,0198222773202	2,23518615024576	0,9986	0,9993	163,712883569283	163,701623424275	0,6169	0,3155	0,0334676805553274	0,0317479267248737	0,9988	0,9991	95,1016901508878	98,1920976594109	0,9981	0,9997	DRD2MT111	K339R	89,931143676565	3,55917542919747	5	0,9998	86,4302201532726	4,93992617016553	5	0,9996	K339R	c.1016A>G	339	339		ICL3	K	R		0	0	0	0	0	121,593351365265
D12N  	1,02937179782988	0,856570423591341	0,9996	0,9995	121,180304204554	112,065577179909	0,9988	0,9994	2,06896610251381	2,45141490555439	0,9997	0,9995	176,470316393773	123,092240700809	0,2515	999	0,0389455336904658	0,0333818438370139	0,9996	0,9993	92,7428696549865	89,1090987564737	0,9919	999	DRD2MT106	D12N	88,8919177647491	17,794113058843	5	0,9997	101,168347696586	10,3753354408232	5	0,9993	D12N	c.34G>A	12	12		N-term	D	N		0	0	0	0	0	119,110067815084
M140V  34x51	0,718146663659496	0,612416156530148	0,6425	0,9806	98,2558444071663	101,590568440882	0,9987	0,9999	1,73206006238616	1,90907429321667	0,7929	0,9806	138,22602779771	143,01639914403	0,9981	0,9755	0,0488351231330262	0,0449346788884529	0,9994	0,9991	115,096094237182	114,310460935479	0,9997	0,9992	DRD2MT94	M140V	69,451430776323	8,218212726473	5	0,9913	85,2861727378207	11,5763179572024	5	0,9995	M140V	c.418A>G	140	140	34.51x51	ICL2	M	V	34x51	0	0	0	0	0	118,415899160408
D178V  	0,98812225220276	0,833214410798206	0,9993	0,9993	98,3073668228296	89,5778369304253	0,9987	0,9989	1,92607234053682	2,02089471706938	0,9766	0,9993	141,044291112714	147,047523087128	0,9919	0,9059	0,0367623996611622	0,0307768063748761	0,9993	0,9989	120,998553751761	112,106024227481	0,9999	0,9994	DRD2MT102	D178V	70,7191973567984	12,698131377576	5	0,9979	79,0697546086251	10,5754175941591	5	999	D178V	c.533A>T	178	178		ECL2	D	V		0	0	0	0	0	118,180265988723
I256V  	1,0635495288977	0,862763495832256	0,9998	0,9995	110,096430297195	106,784051795351	0,9999	0,9998	2,13897272421178	2,17863566152184	0,9983	0,9995	142,518295837146	128,736439188388	0,9912	0,9985	0,0403707362179721	0,0345146710566144	0,9997	0,9995	108,689693569537	111,616168951211	0,9994	0,9994	DRD2MT98	I256V	73,4388301575388	12,071111605671	5	0,9983	83,6689062127751	11,4767589520036	5	0,9994	I256V	c.766A>G	256	256		ICL3	I	V		0	0	0	0	0	118,073513273138
E280K  	1,05522789821572	0,893097478023125	0,9998	0,9997	119,580450959645	112,916900244075	0,9991	0,9993	1,81183798693675	2,11408557021595	0,9916	0,9997	122,920214351593	121,083570595407	0,9992	0,9991	0,0371928060398655	0,0339099364315823	0,9993	0,9994	112,698725790883	112,028369788824	0,9996	0,9994	DRD2MT129	E280K	92,3245274985056	10,6163550370135	3	0,9999	92,8520616664816	6,23225572326051	3	0,9999	E280K	c.838G>A	280	280		ICL3	E	K		0	0	0	0	0	116,871371955071
E181D  	0,931812112741632	0,840001392223485	0,9987	0,9994	98,7875276649838	93,6573044907576	0,9988	0,9993	1,80765167268285	1,835123221257	0,5923	0,9994	151,733554112591	157,474054683035	955	0,5259	0,0331221458060871	0,0303237826348947	0,9988	0,9988	98,7375931791262	99,5799121785048	0,9985	0,9998	DRD2MT101	E181D	75,785272658842	8,45740924944045	5	0,9986	72,8269942437421	6,30306925394568	5	0,9982	E181D	c.543G>C	181	181		ECL2	E	D		0	0	0	0	0	116,661657718166
Q304K  	0,971537196460852	0,9285481763365	0,9991	0,9999	109,210812065795	107,897719996885	0,9999	0,9997	2,05288962821667	1,96325803865019	0,9114	0,9999	125,933702989356	131,830898197326	999	0,9982	0,0324147679751418	0,0222520478196734	0,9986	0,9544	112,087358312482	110,408369039119	0,9996	0,9995	DRD2MT128	Q304K	88,841642403183	8,75371175157062	3	0,9997	86,7896153803908	4,61950595244185	3	0,9997	Q304K	c.910C>A	304	304		ICL3	Q	K		0	0	0	0	0	116,228143433494
V421M  7x48	1,11010559899131	0,982829190107355	0,9999	0,9998	122,822328617871	113,351597417501	0,9986	0,9993	2,02095464807936	2,51727016325923	0,9999	0,9998	111,796408842537	113,84282791171	0,9998	0,9996	0,0602407241970491	0,0556238013771126	0,9827	0,8942	115,740161273321	116,221766621289	0,9998	999	DRD2MT117	V421M	84,4848782735174	4,47525922349526	5	0,9994	87,9309453014842	4,25125957502307	5	0,9997	V421M	c.1261G>A	421	421	7.48x48	TM7	V	M	7x48	0	0	0	0	0	115,629181780705
R222Q  5x71	0,982471234492812	0,798635460835887	0,9992	0,9991	103,419749171069	99,297253806133	0,9994	0,9997	1,96427154446201	1,9931701164378	0,9554	0,9991	159,605484105064	152,159689406854	0,7573	0,7355	0,0237843164882785	0,0226930153922875	0,9608	964	88,6435037598821	84,9801069571051	0,9808	0,9986	DRD2MT107	R222Q	70,7342519193829	14,2534665834115	5	0,9979	76,2902167755145	12,4817537194259	5	0,9986	R222Q	c.665G>A	222	222	5.71x71	TM5	R	Q	5x71	0	0	0	0	0	114,684297867685
L43P  1x41	1,08550785235727	0,882644367268109	0,9999	0,9996	108,357392505401	98,6290675676036	0,9999	0,9997	1,99543150849962	2,48184984656223	0,9998	0,9996	151,230132972404	136,978497555025	0,9594	0,9909	0,044821534480947	0,0386863101852186	0,9999	0,9999	96,0179754561628	95,8442526826906	0,9982	0,9996	DRD2MT113	L43P	86,3858083935806	1,15738319990433	4	0,9996	94,026756417477	5,04363594809846	5	0,9999	L43P	c.128T>C	43	43	1.41x41	TM1	L	P	1x41	0	0	0	0	0	114,509553123215
L315F  	1,0132296480747	0,909807032422799	0,9994	0,9998	99,3268019410241	95,3935901131258	0,9989	0,9994	2,15776590863597	2,30222575840719	999	0,9998	118,969462601161	121,451340323185	0,9994	0,9991	0,0400873978607785	0,0374527484334188	0,9997	0,9999	127,502241251556	123,168485036506	0,9995	0,9983	DRD2MT127	L315F	85,3812836722175	5,72615496474704	3	0,9996	87,7396360424421	7,04293003817069	3	0,9997	L315F	c.943C>T	315	315		ICL3	L	F		0	0	0	0	0	114,30198687776
T318I  	0,910227196377329	0,87772205557321	0,9985	0,9996	106,488480885718	105,605732940238	0,9997	0,9999	1,90809924326887	2,01634567829825	0,9758	0,9996	130,786690979997	139,609299616076	0,9987	0,9813	0,0339207998449823	0,0343970720093026	0,9989	0,9995	98,1494759793085	101,482164458145	0,9985	0,9999	DRD2MT95	T318I	83,1159005238446	5,08440789411466	5	0,9993	85,9760402925986	6,29061222780954	5	0,9996	T318I	c.953C>T	318	318		ICL3	T	I		0	0	0	0	0	113,686974143247
I214T  5x63	0,89600027624072	0,828222972649151	0,9983	0,9993	115,069448521573	103,152890021962	0,9996	0,9999	2,05954319397274	2,2809084774502	0,9989	0,9993	118,290769582054	117,607824096866	0,9994	0,9993	0,0332437383388825	0,0289722294132796	0,9988	0,9985	110,620759361187	113,343503829427	0,9995	0,9993	DRD2MT124	I214T	68,1772573696042	9,24254767734506	5	984	79,724149597083	11,3702256213444	5	999	I214T	c.641T>C	214	214	5.63x63	TM5	I	T	5x63	0	0	0	0	0	113,014199235512
R217C  5x66	0,79560256709243	0,652171392763272	0,9579	0,9915	89,7392365063443	84,322168342573	0,9794	0,9983	1,8476907175563	1,97124093769146	0,9242	0,9915	157,606189945384	156,328253294713	0,8205	0,5703	0,0275216607779944	0,0260277840834547	0,9913	0,9919	94,7910341306467	92,56913993153	0,9981	0,9993	DRD2MT114	R217C	79,4217262178292	7,10260571829635	5	999	81,2648499553043	9,30537626655945	5	0,9991	R217C	c.649C>T	217	217	5.66x66	TM5	R	C	5x66	0	0	0	0	0	112,559337025199
H330R  	1,04028246690502	0,933045655359042	0,9997	0,9999	119,526424465535	113,958386516549	0,9991	0,9993	2,26473082151196	2,26028674360839	0,9988	0,9999	109,611551204538	102,760572539729	0,9999	0,9999	0,0481816391037453	0,0445885398220853	0,9995	0,9991	112,737258037764	110,408935952005	0,9996	0,9995	DRD2MT125	H330R	75,7362785192887	13,4240292500974	5	0,9986	97,1097542890223	11,9832187640955	5	0,9996	H330R	c.989A>G	330	330		ICL3	H	R		0	0	0	0	0	111,500521452687
V49I  1x47	0,960540869533631	0,837123888099535	999	0,9994	113,412489089529	113,45718356767	0,9997	0,9993	1,97999777006875	2,14163382378267	998	0,9994	123,732689623355	112,939111308359	0,9992	0,9996	0,0394475656631191	0,0343795148511451	0,9996	0,9995	98,1836227363423	104,595257844767	0,9985	0,9999	DRD2MT97	V49I	73,6488629885142	11,1957239453154	5	0,9983	79,3680228170526	9,63963901502628	5	999	V49I	c.145G>A	49	49	1.47x47	TM1	V	I	1x47	0	0	0	0	0	111,05339236167
M281T  	0,989855252174788	0,926375862072651	0,9993	0,9999	105,910225060375	103,144179331966	0,9996	0,9999	2,2630521812912	2,55397351911088	0,9999	0,9999	121,559241121784	98,3483542520069	0,9993	0,9997	0,0514757061591702	0,0471064377606685	0,9991	0,9987	112,677355749366	113,85925392901	0,9996	0,9992	DRD2MT131	M281T	87,082622848073	7,85304630388976	3	0,9997	70,2951438096268	23,448776758131	3	0,9982	M281T	c.842T>C	281	281		ICL3	M	T		0	0	0	0	0	109,249768240751
F232L  	1,02689193062347	0,869324765248742	0,9996	0,9996	103,650616404312	100,484772957074	0,9994	0,9998	1,90171470596623	2,21400803977701	0,9985	0,9996	121,517054044151	111,907769276056	0,9993	0,9996	0,0384593856111278	0,0369234145547473	0,9995	0,9998	108,650452950642	106,180146422398	0,9994	0,9998	DRD2MT132	F232L	82,6749122912658	12,5057183297182	3	0,9994	89,2859256358112	13,7985300948463	3	0,9999	F232L	c.696C>G	232	232		ICL3	F	L		0	0	0	0	0	108,731802009105
M346T  	0,947024188277245	0,902048748657188	0,9989	0,9997	113,068731101926	106,56454028921	0,9997	0,9998	2,23761621813544	2,1483283664833	998	0,9997	109,533731766248	99,3507818272816	0,9999	0,9997	0,0427668188727746	0,0408962107241097	0,9999	0,9997	110,241795644341	113,210309547745	0,9994	0,9993	DRD2MT119	M346T	88,6123696125509	7,37270153889204	5	0,9997	97,8106033542551	3,59489344821163	5	0,9996	M346T	c.1037T>C	346	346		ICL3	M	T		0	0	0	0	0	108,661648362792
E291A  	1,0325696805956	0,876690294700245	0,9996	0,9996	99,2688558234496	95,0715732232302	0,9988	0,9994	1,84516049930257	2,09093910744469	0,9907	0,9996	119,938239108492	122,143336852843	0,9994	999	0,0369161369343013	0,03184779754489	0,9993	0,9991	106,037382073709	105,228797695781	0,9991	0,9999	DRD2MT104	E291A	93,687692628362	10,5356850076423	5	0,9999	88,8378758597977	9,70944262574668	5	0,9998	E291A	c.872A>C	291	291		ICL3	E	A		0	0	0	0	0	107,948030796251
P347S  	0,994333207255012	0,906271924236142	0,9993	0,9998	105,158285862009	105,610103734069	0,9996	0,9999	1,83356702563479	2,18369557418249	0,9983	0,9998	107,043751060673	112,018137775508	0,9999	0,9996	0,0424473120203957	0,0387152326442028	0,9999	0,9999	108,563948089338	108,839484941669	0,9993	0,9996	DRD2MT115	P347S	62,9909731668142	8,77234342514857	5	0,9508	67,8677158569407	9,55989435559014	5	0,9819	P347S	c.1039C>T	347	347		ICL3	P	S		0	0	0	0	0	107,872285243878
R217H  5x66	0,875572945817683	0,775834691705187	998	999	88,282489394587	85,8902287722459	0,9637	0,9985	2,06939542785913	1,88507224405979	0,7299	999	120,110340901901	100,82329885933	0,9994	0,9998	0,0385059266501793	0,0348969224160513	0,9995	0,9996	122,469376027353	125,382767344775	0,9998	998	DRD2MT126	R217H	88,8405079183603	8,72945104079482	5	0,9997	100,673379071532	10,9879288294794	5	0,9993	R217H	c.650G>A	217	217	5.66x66	TM5	R	H	5x66	0	0	0	0	0	107,159750216699
I384V  6x46	0,953500694470798	0,884973085615038	999	0,9997	102,388460577069	97,9424804307988	0,9993	0,9996	1,92788157706497	1,97824694069863	0,9346	0,9997	121,553805313138	112,936450099624	0,9993	0,9996	0,0414249487503295	0,0362857175533906	0,9998	0,9997	100,157300355498	101,13218692218	0,9986	0,9999	DRD2MT103	I384V	101,399920211961	14,5104340816186	5	0,9994	89,6235116980808	8,44271125363728	5	0,9999	I384V	c.1150A>G	384	384	6.46x46	TM6	I	V	6x46	0	0	0	0	0	106,018447283051
K28R  	1,10083623794319	0,908921864659967	0,9999	0,9998	101,002349548208	95,5500823674203	0,9991	0,9994	2,10056817861784	2,20106934877579	0,9984	0,9998	132,447110689993	115,862580992849	0,9986	0,9994	0,0373787081015307	0,0329308750706177	0,9994	0,9993	93,3958850251432	97,3325132003051	0,9979	0,9997	DRD2MT110	K28R	79,3396761044656	11,3545421399077	5	999	97,8482771138037	12,0878865635226	5	0,9996	K28R	c.83A>G	28	28		N-term	K	R		0	0	0	0	0	105,93175363732
V196I  5x46	0,980487574961276	0,932358982290857	0,9992	0,9999	107,384505862568	106,538846042077	0,9997	0,9998	2,28355368630402	2,3166454251512	0,9991	0,9999	105,104859859931	102,537571972147	0,9999	0,9999	0,0400369735367292	0,034950911392637	0,9997	0,9996	107,322455352284	105,400368094747	0,9993	0,9998	DRD2MT121	V196I	71,0169530836271	12,1940262683626	5	998	74,1207307790954	14,6731120609674	5	0,9983	V196I	c.586G>A	196	196	5.45x46	TM5	V	I	5x46	0	0	0	0	0	105,714767863959
N143K  34x54	1,16708763435045	1,11879874576847	0,9994	999	100,510072365953	107,766545223641	999	0,9997	2,59801976796018	2,55073401078586	0,9999	999	94,7321310224969	115,991886939592	0,9994	0,9994	0,0441489721965027	0,0387217045941995	0,9999	0,9999	106,934150870056	107,607588744464	0,9992	0,9997	DRD2MT50	N143K	105,849004890479	11,387919790454	5	999	108,104965527636	12,8098484108234	5	0,9985	N143K	c.429T>A	143	143	34.54x54	ICL2	N	K	34x54	0	0	0	0	0	105,590395861034
S359R  	0,995261865604008	0,902932403234825	0,9993	0,9997	105,404454372524	99,6759865746305	0,9996	0,9997	2,10552207742391	2,29913788514871	999	0,9997	105,234346803657	108,263207657638	0,9999	0,9998	0,0371597067398684	0,035544985187582	0,9993	0,9996	106,407376528652	107,273028430444	0,9992	0,9997	DRD2MT118	S359R	86,2828986962644	9,41304412190278	5	0,9996	92,0505292333287	6,53316665590009	5	0,9999	S359R	c.1077C>A	359	359		ICL3	S	R		0	0	0	0	0	105,376400061258
G380S  6x42	1,06582541174193	0,892484109613826	0,9999	0,9997	99,9533061859539	102,526885696499	999	0,9999	1,80976847053699	2,21508374950563	0,9985	0,9997	113,731314495484	112,261876561971	0,9997	0,9996	0,0469320540790886	0,0428627876371961	0,9996	0,9994	100,010808228819	97,7658407152147	0,9986	0,9997	DRD2MT93	G380S	71,8070051349433	12,9238085559583	5	998	84,1361601002377	11,4972674732593	5	0,9994	G380S	c.1138G>A	380	380	6.42x42	TM6	G	S	6x42	0	0	0	0	0	104,37500531399
D320Y  	1,02867402223696	0,944319392677418	0,9996	0,9999	106,009645979828	102,327431998861	0,9996	0,9999	2,12044460900288	2,14217346806375	998	0,9999	108,020106816624	96,0118369306196	0,9999	0,9996	0,0390509605806031	0,0357099581349246	0,9996	0,9997	105,846730344092	105,167133128445	0,9991	0,9999	DRD2MT130	D320Y	80,7274785879428	4,79670299265002	3	0,9993	78,5558774219666	13,1667346079214	3	0,9991	D320Y	c.958G>T	320	320		ICL3	D	Y		0	0	0	0	0	103,897147533078
D26E  	1,0467147123425	1,00572942810115	0,9997	0,9997	112,408141790751	106,262589841232	0,9998	0,9998	2,51131436042433	2,60379308093241	0,9998	0,9997	93,2659706009049	117,186597292302	0,9993	0,9993	0,0381051377815228	0,0333354738436016	0,9994	0,9993	99,5732580808684	93,0661556987504	0,9986	0,9994	DRD2MT77	D26E	109,749244509509	35,6764016828548	5	0,9986	71,1390499947435	9,13510265524426	5	0,9979	D26E	c.78C>A	26	26		N-term	D	E		0	0	0	0	0	103,627118884135
A46T  1x44	0,894643945182611	0,79949765268863	0,9983	0,9991	83,2597632584993	81,1730814847358	728	0,9979	2,00113477075791	2,19808427981123	0,9984	0,9991	156,394857395663	132,396439723518	0,8554	0,9981	0,0333523272211432	0,030560051568725	0,9988	0,9989	78,599432635157	84,2644377296527	0,7622	0,9986	DRD2MT112	A46T	49,3122488605849	6,57457849052052	5	0,3421	55,3602713857521	5,29295772603863	5	0,5503	A46T	c.136G>A	46	46	1.44x44	TM1	A	T	1x44	0	0	0	0	0	102,681335371204
P264L  	0,990075349005174	0,715060110131138	0,9993	0,9984	102,232782900169	93,9992615641863	0,9992	0,9993	2,0052914090041	2,53294499158996	0,9999	0,9984	91,6855166451956	104,576625572659	0,9992	0,9999	0,044887570196245	0,0356665943103323	0,9999	0,9997	113,33012664414	103,336358582939	0,9997	0,9999	DRD2MT57	P264L	65,9103857756236	9,87501938524351	4	0,9822	64,0106478497676	13,4694526651884	4	0,9769	P264L	c.791C>T	264	264		ICL3	P	L		0	0	0	0	0	101,526778651548
T293I  	1,01732186853265	0,931760548666474	0,9995	0,9999	104,215947904106	112,068852983478	0,9994	0,9994	1,54299066724714	2,0549476265267	0,9806	0,9999	86,707716826946	104,446471098139	0,9989	0,9999	0,047571944828651	0,0463400133452583	0,9996	0,9988	84,7304866331751	96,8877300729085	0,9566	0,9996	DRD2MT92	T293I	64,208294813636	10,3805091307765	5	0,9743	82,3842715966441	11,6043384317518	5	0,9993	T293I	c.878C>T	293	293		ICL3	T	I		0	0	0	0	0	98,1762009197921
R274W  	0,93316083911842	0,742205825468719	0,9987	0,9986	92,3368286559793	88,2873333375874	0,9913	0,9988	1,69493704033737	1,61077409992608	0,1463	0,9986	96,5259119081441	84,2091145680082	0,9996	0,9988	0,0366075205009379	0,0276000700865871	0,9993	0,9982	112,946752905512	111,648719941346	0,9996	0,9994	DRD2MT120	R274W	80,1140391165606	10,0367000609312	5	999	88,9522446349322	10,5692094552984	5	0,9998	R274W	c.820C>T	274	274		ICL3	R	W		0	0	0	0	0	97,6591102194295
D309G  	1,04320724243119	0,912644593599068	0,9997	0,9998	96,9059436190836	102,169452028354	0,9985	0,9999	2,30877710085491	2,62375245902536	0,9997	0,9998	77,7605332631499	113,255466890072	0,9982	0,9996	0,0377863801110323	0,0351291382943105	0,9994	0,9996	90,7817383835522	91,9171609439775	0,9907	0,9993	DRD2MT79	D309G	70,1442118466334	6,59316978710436	5	0,9918	73,2597963282802	6,25198903876664	5	0,9982	D309G	c.926A>G	309	309		ICL3	D	G		0	0	0	0	0	95,4650491880315
R230Q  	1,07445258778876	1,07236777177897	0,9999	0,9993	111,401692002522	116,491360951325	0,9999	999	2,716015649847	2,23088471692679	0,9986	0,9993	73,6126797790388	99,5352933274441	0,9914	0,9997	0,0559103033503828	0,0442327098160393	0,9984	0,9992	76,7358072347574	92,3080116811712	0,6821	0,9993	DRD2MT86	R230Q	58,9448865572814	12,4198800756158	5	0,8041	64,6941385653485	11,0526628617622	5	963	R230Q	c.689G>A	230	230		ICL3	R	Q		0	0	0	0	0	95,0141408293764
R227C  	1,19628019048254	1,05241090003413	0,9992	0,9994	107,68624250886	103,263440763843	0,9998	0,9999	2,32009894592213	2,42810810923237	0,9996	0,9994	76,6617808102744	112,879345736604	998	0,9996	0,0453579649027013	0,0488628583206056	0,9998	0,9983	79,5749533017989	87,3967315360285	0,8022	0,9989	DRD2MT53	R227C	81,653432137298	8,25308322000295	5	0,9992	94,6867531879586	14,629696041084	5	0,9998	R227C	c.679C>T	227	227		ICL3	R	C		0	0	0	0	0	94,5770824429015
R227H  	0,937011754468375	0,912519290311866	0,9988	0,9998	93,8154294524213	102,51965579354	998	0,9999	2,34625076894268	2,57739485963297	0,9999	0,9998	95,461686670484	100,10460638664	0,9994	0,9998	0,0531974118758152	0,0415967246117611	0,9988	0,9996	83,4049041149565	90,8518170206883	0,9276	0,9992	DRD2MT52	R227H	72,1467018604428	4,18816231074094	5	0,9981	83,6486344922125	7,32029699025366	5	0,9994	R227H	c.680G>A	227	227		ICL3	R	H		0	0	0	0	0	94,3596832397884
S262N  	1,04054202370066	0,984636744547561	0,9997	0,9998	101,09732759874	101,195551031524	0,9991	0,9999	2,0692103802563	2,41016510462088	0,9995	0,9998	73,1635390351747	101,15380422109	0,9912	0,9998	0,0347625036436116	0,0322961538666883	999	0,9992	97,6485768822157	90,8282008775559	0,9984	0,9992	DRD2MT91	S262N	52,9267745034089	11,083849716334	5	0,5005	62,7747268939024	11,4238528099487	5	918	S262N	c.785G>A	262	262		ICL3	S	N		0	0	0	0	0	94,1811666077167
S147N  34x58	1,13727475068355	1,01835598423592	0,9997	0,9996	99,3762760345519	99,1213587064913	0,9989	0,9997	2,41738736307528	2,52158328223983	0,9999	0,9996	83,6880985073044	91,8196945342313	0,9986	0,9993	0,0635305246059494	0,0592501616310259	0,9431	582	94,4397920634163	91,4241723579336	998	0,9993	DRD2MT70	S147N	106,69498899823	17,4550070944478	5	0,9989	118,306693784894	13,9784111115135	5	0,9766	S147N	c.440G>A	147	147	34.58x58	ICL2	S	N	34x58	0	0	0	0	0	93,3115653673215
P310S  	0,831093366409794	0,580925902418819	0,9814	0,9652	86,0628123766505	83,6916554379229	0,8918	0,9982	2,20595061579739	1,89343505688489	0,7524	0,9652	83,7756661989372	81,8911160027799	0,9986	0,9986	0,0346854544073278	0,0264341320818037	999	0,9979	102,200954235049	118,72571157932	0,9988	0,9988	DRD2MT03	P310S	98,1648567449182	3,37285583346577	4	0,9997	107,374035804793	8,04079258215763	4	0,9987	P310S	c.928C>T	310	310		ICL3	P	S		0	0	0	0	0	92,7246526384432
R220H  5x69	0,930435914347158	0,700901590550262	0,9987	0,9983	82,836080642634	101,901838452578	0,6994	0,9999	2,43176701203446	2,06957194177575	0,9909	0,9983	73,8892908930321	77,5936186119685	0,9916	0,9982	0,0286859691396439	0,0215036104089648	998	0,9169	109,157818020678	110,896490984841	0,9994	0,9994	DRD2MT32	R220H	86,6114458011604	10,3371245976997	5	0,9996	88,5078504140962	8,50200240707446	5	0,9997	R220H	c.659G>A	220	220	5.69x69	TM5	R	H	5x69	0	0	0	0	0	92,7125229342886
P300H  	1,00805306727937	0,875676569520942	0,9994	0,9996	87,5100287669438	85,6154998105781	0,9486	0,9985	2,47246743833543	2,42694461877385	0,9996	0,9996	67,9879378703459	84,2376211927894	0,9788	0,9988	0,0582098778096721	0,0411186023790376	0,9979	0,9997	118,661892103868	109,842504132243	0,9999	0,9995	DRD2MT61	P300H	90,6114395136445	21,8655847213399	4	0,9999	74,6689439953554	17,7936370251038	4	0,9985	P300H	c.899C>A	300	300		ICL3	P	H		0	0	0	0	0	92,3092473127947
A46V  1x44	1,02409206292101	0,889096084076659	0,9996	0,9997	93,4731988347069	91,2020182563606	0,9979	0,9991	2,42892718776729	2,46752412013574	0,9997	0,9997	82,2406162440736	97,9405007712161	0,9985	0,9997	0,0408298747239261	0,0372066672671375	0,9997	0,9999	98,3760607973331	89,9461424365237	0,9985	0,9991	DRD2MT81	A46V	76,5517175172997	12,9306261006175	5	0,9986	76,2557966867227	6,28155056604264	5	0,9986	A46V	c.137C>T	46	46	1.44x44	TM1	A	V	1x44	0	0	0	0	0	92,1964228900357
R227G  	0,933904264549209	0,820415184414193	0,9988	0,9993	76,2504914496925	70,2193693172963	0,3057	832	2,47872544648059	2,17964913522429	0,9983	0,9993	73,1299811317224	102,398368275218	0,9912	0,9999	0,0361898840683612	0,0322303698138674	0,9992	0,9991	118,583880695878	110,366294707739	0,9999	0,9995	DRD2MT15	R227G	69,5443938257734	9,49710413911384	5	0,9914	75,9350810582719	10,0760317288247	5	0,9986	R227G	c.679C>G	227	227		ICL3	R	G		0	0	0	0	0	91,824730929591
M250V  	1,0676938758659	0,983207960606132	0,9999	0,9998	86,9871366548572	102,750534624668	0,93	0,9999	2,40042874791504	2,55513231297343	0,9999	0,9998	84,2229899431666	82,7144543392397	0,9987	0,9986	0,0523097915376294	0,0409184481046914	999	0,9997	98,6314496088224	93,2772688109159	0,9985	0,9994	DRD2MT55	M250V	114,634944420117	15,2792449857792	5	0,9979	117,270816145095	17,1370961041956	5	0,9792	M250V	c.748A>G	250	250		ICL3	M	V		0	0	0	0	0	91,4306389969449
T225S  5x74	1,1310943493219	0,997239788640936	0,9997	0,9997	94,6822755531126	89,0810145865435	0,9982	0,9988	2,28750672324043	2,52724173689883	0,9999	0,9997	65,0399793146353	97,4254956864546	0,9604	0,9996	0,0566433911950706	0,0490175045153844	0,9982	0,9983	101,53425944132	96,6534897313143	0,9988	0,9996	DRD2MT71	T225S	90,5398034970919	9,47930390811989	5	0,9999	91,5090061746769	9,67669526255148	5	0,9999	T225S	c.673A>T	225	225	5.74x74	TM5	T	S	5x74	0	0	0	0	0	90,7360857188967
T144M  34x55	1,09036041233026	1,07239417618784	0,9999	0,9993	85,0964739374138	89,0522013740465	0,8412	0,9988	2,09578170108877	2,16683945644896	0,9982	0,9993	71,8359067078326	94,027630853047	0,9906	0,9994	0,0612047141033745	0,0521339671218188	0,98	0,9824	101,897161888136	96,9397142247566	0,9988	0,9996	DRD2MT83	T144M	57,3998747541838	10,4906110363124	5	728	70,317442371762	7,38726813028598	5	0,9916	T144M	c.431C>T	144	144	34.55x55	ICL2	T	M	34x55	0	0	0	0	0	89,8081814975387
P308S  	0,994883609332648	1,04745441870595	0,9993	0,9994	86,9901392276715	81,6745377351157	0,9301	998	2,7129812963	2,59803171362516	0,9998	0,9994	72,4246760370883	92,4577665866311	0,9909	0,9994	0,0428494454982416	0,0375454913168528	0,9999	0,9999	104,395831778704	100,444517342917	999	0,9999	DRD2MT88	P308S	80,6011230067384	11,1109299630927	5	0,9991	84,0420527176778	9,89810136719004	5	0,9994	P308S	c.922C>T	308	308		ICL3	P	S		0	0	0	0	0	89,7312447846879
V159I  4x49	0,807186269544309	0,719164425145373	0,9763	0,9985	79,8508436715559	81,9490325480599	0,5034	998	1,93617959435285	2,42712367803916	0,9996	0,9985	86,0962730880513	109,969036683488	0,9988	0,9997	0,0282039368329663	0,0216312096820915	0,9919	0,9237	87,2486338926623	85,9248044711492	0,9785	0,9987	DRD2MT76	V159I	62,5022465740653	9,26999789639379	5	0,9372	75,3057499410813	11,8316806792379	5	0,9985	V159I	c.475G>A	159	159	4.49x49	TM4	V	I	4x49	0	0	0	0	0	88,5064373924944
E282D  	1,05225915452566	1,04597985731009	0,9997	0,9995	81,371644326768	81,8867918302397	0,6015	998	2,52990327413746	2,78558626703351	999	0,9995	76,8972424108145	85,1123512403972	0,9981	0,9988	0,0610467864269478	0,0399359545894927	0,9805	0,9998	104,486583111378	100,929957432259	999	0,9999	DRD2MT60	E282D	79,6276503460249	8,11962240344196	4	0,9991	58,8149351624706	0,302013140500734	3	0,9323	E282D	c.846G>T	282	282		ICL3	E	D		0	0	0	0	0	88,4474283919761
K251T  	1,06054862148706	1,04832879525807	0,9998	0,9994	87,7261938083097	69,364729583176	0,9554	0,7932	2,56042616451995	2,53535804231407	0,9999	0,9994	83,2300429813908	98,6961294607248	0,9986	0,9997	0,0473139095905575	0,0409952262918089	0,9996	0,9997	98,3179713740805	92,7972813425166	0,9985	0,9993	DRD2MT56	K251T	94,6502300322098	7,04346897788789	4	0,9999	94,5140901761006	9,733731505932	4	0,9998	K251T	c.752A>C	251	251		ICL3	K	T		0	0	0	0	0	88,3553914250331
A177T  	0,910903915387408	0,769881694191999	0,9985	0,9989	112,222738456505	98,3280001795086	0,9998	0,9996	1,908217378732	1,97519010909049	0,9645	0,9989	74,1389680451515	65,8438635251985	0,9917	0,9731	0,043365611478242	0,0363208119655175	0,9999	0,9997	89,6257054469003	89,7260401721463	0,9823	0,9991	DRD2MT26	A177T	99,7637678729382	8,3466360712182	5	0,9995	90,2048452624591	8,40297787331943	5	0,9999	A177T	c.529G>A	177	177		ECL2	A	T		0	0	0	0	0	88,314219304235
G27R  	1,00386847039889	0,724851572235867	0,9994	0,9985	83,0675103611862	90,0616754228487	0,7148	999	2,40616196837375	1,94326741782539	0,9338	0,9985	80,5337348072162	82,6647293811804	0,9984	0,9986	0,0410690964965672	0,0345191073942748	0,9998	0,9995	99,5883319857134	93,6860558938914	0,9986	0,9994	DRD2MT30	G27R	82,3910056998999	3,89003386100802	5	0,9993	77,6495709595556	6,42497433240179	5	0,9988	G27R	c.79G>A	27	27		N-term	G	R		0	0	0	0	0	88,2670063086727
A273V  	1,18461745863355	1,03470264977696	0,9993	0,9996	83,0794661236873	79,6397858275958	0,7158	991	2,50006045958493	2,38950668556777	0,9994	0,9996	79,2166969786639	94,3691372591675	0,9983	0,9994	0,0485121486190895	0,0409948056232525	0,9994	0,9997	101,108286184116	91,6896599288242	0,9988	0,9993	DRD2MT59	A273V	71,4000533739933	5,02774873947585	4	0,9982	64,6226063570699	12,5391044137044	4	0,9784	A273V	c.818C>T	273	273		ICL3	A	V		0	0	0	0	0	88,1838387170091
R145S  34x56	1,02379654398754	0,866243612064697	0,9996	0,9996	74,2357394470826	80,4999634632622	0,2212	0,9916	2,34019167804226	2,05524600800781	0,9837	0,9996	77,8882964012608	79,3604710295643	0,9982	0,9983	0,0432999049426923	0,0447683881397321	0,9999	0,9991	111,271824968846	104,824141993204	0,9995	0,9999	DRD2MT31	R145S	113,693314835524	7,92431069092268	5	0,9981	113,277007070782	12,8242289836665	5	0,9918	R145S	c.433C>A	145	145	34.56x56	ICL2	R	S	34x56	0	0	0	0	0	88,0134062172033
V215L  5x64	1,25226408425952	1,00632109729409	0,9986	0,9997	98,101678574713	90,3754185246751	0,9987	999	2,52591676485076	2,76414475485762	0,9991	0,9997	68,6297392187605	85,7661472231997	0,9797	0,9989	0,0541214343406477	0,0464594898478125	0,9987	0,9988	95,7226572830884	89,385137432666	0,9982	0,9991	DRD2MT89	V215L	65,1065646523249	14,5179420688807	5	0,9776	76,9365166669377	10,2527716551852	5	0,9987	V215L	c.643G>C	215	215	5.64x64	TM5	V	L	5x64	0	0	0	0	0	87,9967963761838
D320N  	1,17607709509858	1,03760444277138	0,9994	0,9995	79,3712789792637	86,9504287488507	0,4736	0,9986	2,45924615402973	2,67799491270811	0,9995	0,9995	83,1849079686558	78,9185584448628	0,9986	0,9983	0,0484609731908121	0,0372867125030604	0,9994	0,9999	102,635406033518	96,175983786169	0,9989	0,9996	DRD2MT63	D320N	85,7580736362999	15,2367577700325	4	0,9996	74,7931396630936	20,8449640335585	4	0,9985	D320N	c.958G>A	320	320		ICL3	D	N		0	0	0	0	0	87,87276066022
E248K  	1,10525185542229	0,905902042790601	0,9999	0,9997	85,2375218440312	88,1954386454987	0,8491	0,9988	2,87262418808809	2,36891858213833	0,9993	0,9997	76,7595645934515	83,7717323782258	998	0,9988	0,053796053033242	0,0474200611785276	0,9988	0,9986	96,7402853416485	96,0266625643787	0,9983	0,9996	DRD2MT54	E248K	102,641412872074	5,89430094582919	5	0,9993	117,45443774267	18,2645194784623	5	0,9788	E248K	c.742G>A	248	248		ICL3	E	K		0	0	0	0	0	87,7885342278724
S354C  	1,12616370599591	1,15462568690062	0,9997	0,9987	90,2917447913325	86,4494547344207	0,9807	0,9986	2,84558874826498	2,11996147443959	0,9918	0,9987	72,9332532241427	96,9532218204112	0,9911	0,9996	0,0475443713248496	0,0387625903331236	0,9996	0,9999	84,6987825004022	90,609190100369	0,9562	0,9991	DRD2MT73	S354C	114,181329636557	30,9805512808804	5	998	110,024686377695	24,56855772143	5	0,9983	S354C	c.1061C>G	354	354		ICL3	S	C		0	0	0	0	0	86,989274528513
R352W  	1,13223929474088	0,775525644689825	0,9997	999	79,2910864179046	92,6984619731662	469	0,9992	2,58297823100586	2,03408154198951	0,9814	999	79,2196055283324	79,5813155434941	0,9983	0,9984	0,043217131987215	0,0358156945350589	0,9999	0,9997	94,0168245435027	93,1921627550355	998	0,9994	DRD2MT35	R352W	93,8662416252641	12,1313910063982	5	0,9999	92,1558280942924	11,2769819223023	5	0,9999	R352W	c.1054C>T	352	352		ICL3	R	W		0	0	0	0	0	86,3332427935726
L4R  	1,09233540965079	0,97088849794944	0,9999	0,9999	68,4586632347008	62,4308895915238	0,0738	0,4531	2,23323085655932	2,37145379747815	0,9993	0,9999	57,6110527958862	95,0318930738982	0,7783	0,9995	0,0368192248369454	0,0290657810811256	0,9993	0,9986	122,140704451174	110,456283474271	0,9998	0,9995	DRD2MT14	L4R	91,3509587325928	15,0307380655041	5	0,9999	102,625409527529	10,0687836575566	5	0,9991	L4R	c.11T>G	4	4		N-term	L	R		0	0	0	0	0	86,0215811035757
L441I  8x58	0,882854558064916	0,791922660414618	0,9981	0,9991	80,9267302355707	73,3935028770357	0,5723	0,9428	1,67657237256055	1,67714366299367	0,2374	0,9991	107,841970483673	100,321379647784	0,9999	0,9998	0,0348194832597373	0,027226931527287	999	0,9982	73,148334610686	78,6013917196105	0,5278	992	DRD2MT109	L441I	71,8325728060814	14,3287656872342	5	0,9981	74,6499808906788	13,7607839034292	5	0,9984	L441I	c.1321C>A	441	441	8.58x58	H8	L	I	8x58	0	0	0	0	0	85,7055515957267
I130V  3x48	0,99590654549799	0,750672382403647	0,9993	0,9988	90,8380460707316	78,9802796753287	982	0,9842	2,2561758604061	2,3589163698029	0,9993	0,9988	70,1460360898826	95,4365015332592	0,9817	0,9995	0,0316429138039296	0,0317287678004297	0,9985	0,9991	89,8168259723037	87,3731661334171	0,9827	0,9989	DRD2MT78	I130V	74,9382469144299	7,81446123735727	5	0,9985	67,7179653174961	3,90464241380413	5	0,9816	I130V	c.388A>G	130	130	3.48x48	TM3	I	V	3x48	0	0	0	0	0	85,4318092458205
S311C  	0,949922867535992	0,753382531867223	0,9989	0,9988	82,5400604603368	77,9514403100104	0,6797	0,9819	2,39585464879997	2,04513115385989	0,9796	0,9988	67,1024742880411	63,9259632581388	0,9807	0,9756	0,0391905466449782	0,0317438032215804	0,9996	0,9991	105,721527360134	113,642679711081	0,9991	0,9993	DRD2MT01	S311C	97,5332606609176	7,5306533641221	4	0,9997	107,523181469874	7,42367024295832	4	0,9987	S311C	c.932C>G	311	311		ICL3	S	C		0	0	0	0	0	85,1473575646237
A127V  3x45	0,597015370283226	0,643574119127666	0,1727	0,9911	69,5316220360144	63,1300660485471	0,0924	0,4849	1,58441401105866	1,80985162070555	0,5239	0,9911	96,103788315811	101,594723211329	0,9995	0,9999	0,0233778347710404	0,020530791018249	0,9521	852	90,7583896418041	88,0322811714467	0,9907	999	DRD2MT123	A127V	43,3395618160454	10,0578815197535	5	0,1592	51,7147173783332	12,2691063843954	5	0,3719	A127V	c.380C>T	127	127	3.45x45	TM3	A	V	3x45	0	0	0	0	0	84,8584784041587
H246Q  	1,06364273542199	1,07796521966772	0,9998	0,9993	87,9083259567695	83,9676221634257	0,9586	0,9983	2,80647798155589	2,61389543954197	0,9997	0,9993	65,2316839596055	80,4772064401764	0,9618	0,9985	0,0390632251504786	0,0442812415913995	0,9996	0,9992	91,9428263228461	98,2236337521873	0,9914	0,9997	DRD2MT90	H246Q	70,6429705063517	11,8080105598331	5	0,9979	78,0777035342897	8,99992750410162	5	0,9988	H246Q	c.738C>G	246	246		ICL3	H	Q		0	0	0	0	0	84,6252164325017
R360H  	0,863970662298473	0,65734258144239	992	0,9918	67,7922705104793	80,408908829297	0,0641	0,9916	1,85934040054668	2,40529037918226	0,9996	0,9918	82,6607804863154	99,2533995444866	0,9987	0,9997	0,0533337749079427	0,0566524537866898	0,9988	0,8178	87,888971981989	86,8625081561139	0,9796	0,9988	DRD2MT05	R360H	109,102382303997	7,63332733290441	5	0,9986	115,117805430754	15,2572726416065	5	0,9838	R360H	c.1079G>A	360	360		ICL3	R	H		0	0	0	0	0	84,1444732514469
R150C  4x40	0,732560164809526	0,568222086618326	0,7158	0,9529	69,1239550666545	91,3395945273808	0,0849	0,9991	1,95289627668905	1,77222077447231	0,5413	0,9529	77,2702248998816	76,7258701338628	0,9983	0,9981	0,0314565974808724	0,0243294884684209	0,9985	0,9815	91,7514628941615	98,3061180315685	0,9913	0,9997	DRD2MT25	R150C	89,7247364750895	10,1035369771678	5	0,9998	87,4803180848545	7,33910630774042	5	0,9997	R150C	c.448C>T	150	150	4.40x40	TM4	R	C	4x40	0	0	0	0	0	84,0862042589183
R352Q  	1,13101271599301	0,850968120125718	0,9997	0,9994	76,4901966580747	93,6968803396706	0,3169	0,9993	2,09504333210531	2,0440894780074	0,9824	0,9994	71,5770021663191	63,1374194930145	0,9842	0,9242	0,0542533123045091	0,0436232883004785	0,9986	0,9993	103,671206240364	95,5692449128806	999	0,9996	DRD2MT29	R352Q	91,7485235773293	10,7177060087868	5	0,9999	94,9495373140595	12,2763651489927	5	0,9998	R352Q	c.1055G>A	352	352		ICL3	R	Q		0	0	0	0	0	84,0236583017206
A410T  7x36	0,854676162199521	0,776877616118393	0,9913	999	71,5785122617385	70,5140697127194	0,1379	0,8447	2,04286088540527	2,12729650138199	0,9921	999	73,5022000689716	59,7527823572074	0,9914	0,9106	0,0402846436161466	0,0378018331854902	0,9997	0,9999	108,37767592486	117,847298338709	0,9993	0,9989	DRD2MT04	A410T	101,800228775251	5,11256684684974	4	0,9994	103,978495969563	10,4100399865288	4	0,9991	A410T	c.1228G>A	410	410	7.37x36	TM7	A	T	7x36	0	0	0	0	0	83,595423110701
V154I  4x44	1,01626748523273	0,672132821358129	0,9995	998	70,9684349608649	64,9400954731373	0,1228	0,5723	2,36715436230742	2,32954681488282	0,9991	998	64,3437417457776	96,1561431312654	0,9539	0,9996	0,0408269601541014	0,034639814815034	0,9997	0,9995	103,21335440135	101,852839004114	999	0,9999	DRD2MT13	V154I	86,1961752397626	7,17164926283857	5	0,9996	97,2854684627783	6,17553546150376	5	0,9996	V154I	c.460G>A	154	154	4.44x44	TM4	V	I	4x44	0	0	0	0	0	83,5791014527515
I431T  8x48	1,02439550289404	0,75864590252514	0,9996	0,9988	69,1608743870782	72,9431580011678	0,0855	0,9303	2,17218186534651	2,19230103999227	0,9983	0,9988	58,857915221534	90,1133197607611	0,8979	0,9992	0,0335248381655212	0,0261472104151953	0,9988	992	101,349631970491	106,782663609643	0,9988	0,9997	DRD2MT09	I431T	90,5232002010675	9,64592159997791	5	0,9999	96,0538487980598	4,36006027277435	5	0,9997	I431T	c.1292T>C	431	431	8.48x48	H8	I	T	8x48	0	0	0	0	0	83,2012604917792
K336N  	1,08641786704284	0,927376389289882	0,9999	0,9999	86,6526273338713	85,1440862139269	0,9174	0,9984	2,38291143015359	2,3408204060097	0,9992	0,9999	65,725945950521	88,8779088751605	0,9665	0,9991	0,0566999667587766	0,0406286939533812	0,9982	0,9997	87,6901619269282	83,113851867252	0,9793	0,9984	DRD2MT72	K336N	115,120733792676	34,4287769620644	5	0,9979	112,64493452845	28,9538184246103	5	0,9979	K336N	c.1008G>C	336	336		ICL3	K	N		0	0	0	0	0	82,8674303612766
V111I  3x29	0,820587048086105	0,836377262290934	0,9795	0,9994	84,3419733226534	74,9317012887708	0,7968	0,9746	2,47019166940155	1,72706955927076	0,3286	0,9994	76,2576745527524	84,0198837339263	998	0,9988	0,0392227771670296	0,0357673273984663	0,9996	0,9997	94,4952994043334	80,6095702395754	998	0,9981	DRD2MT49	V111I	93,538102966741	11,6849486517826	5	0,9999	95,6907907035527	13,1302384661777	5	0,9997	V111I	c.331G>A	111	111	3.29x29	TM3	V	I	3x29	0	0	0	0	0	82,4426837570019
F172L  4x63	0,887561350289646	0,959289152487238	0,9982	0,9999	74,6457473500329	70,9115653672132	0,2369	861	2,3615905412487	2,264010825583	0,9988	0,9999	70,5080304874577	73,709699123199	0,9822	0,9916	0,0328338753810252	0,0325303021768268	0,9987	0,9992	104,26346883609	99,5659506757645	999	0,9998	DRD2MT51	F172L	85,5859319743041	14,5843765945585	5	0,9995	92,7385269049814	19,1836215155346	5	0,9999	F172L	c.514T>C	172	172	4.62x63	TM4	F	L	4x63	0	0	0	0	0	82,2674103066262
L315I  	1,04055577382245	0,916135096607794	0,9997	0,9998	94,8905578314438	96,866767204616	0,9982	0,9996	2,36635071998484	2,49531749724527	0,9998	0,9998	53,4211758603428	70,5007956388109	0,6274	0,9824	0,0484680638947711	0,0413228783867262	0,9994	0,9996	89,3481766451118	87,1866048165372	0,9819	0,9988	DRD2MT87	L315I	87,7216891858097	10,9142368139572	5	0,9997	86,1815305339646	7,92050086138889	5	0,9996	L315I	c.943C>A 	315	315		ICL3	L	I		0	0	0	0	0	82,0356796661437
G314S  	1,1062928914644	1,10102773187179	0,9999	0,9991	70,4380837017244	68,2035163867004	0,1107	0,7368	2,57594584953105	2,49763092494229	0,9999	0,9991	71,7107668547241	69,3905374976243	0,9905	0,9807	0,0532538838816531	0,0451227486284983	0,9988	0,9991	106,982955311468	104,146777654184	0,9993	0,9999	DRD2MT62	G314S	85,0618022761482	8,00714203127164	4	0,9995	76,8192507986981	17,0389255620632	4	0,9988	G314S	c.940G>A	314	314		ICL3	G	S		0	0	0	0	0	81,8121062344042
N348S  	1,07308657841766	0,715380860230661	0,9999	0,9984	75,721541836192	84,626811989761	0,2818	0,9983	2,22209389537676	2,5965378664094	0,9998	0,9984	71,0938133528514	70,4408419613356	0,9831	0,9823	0,0403114297425067	0,0386569326351247	0,9997	0,9999	95,1503186037097	86,4977006185487	0,9981	0,9988	DRD2MT33	N348S	82,3423122817975	11,0766610522979	5	0,9993	84,5376681830109	8,55002027003407	5	0,9994	N348S	c.1043A>G	348	348		ICL3	N	S		0	0	0	0	0	80,5885047270664
R274Q  	1,15206472398773	0,840049806321048	0,9996	0,9994	80,4741221226465	96,8683796144271	543	0,9996	1,8595617742288	1,65234867046291	283	0,9994	51,71856462366	64,5618987949441	0,5659	0,9535	0,04632029500173	0,0383323960264602	0,9997	0,9999	89,1749177761705	93,3213728149947	0,9816	0,9994	DRD2MT27	R274Q	91,7432493461769	4,55554431615331	5	0,9999	96,4807042179562	7,77676778169666	5	0,9997	R274Q	c.821G>A	274	274		ICL3	R	Q		0	0	0	0	0	79,3532092911405
V255I  	1,10662190519665	0,751682045367774	0,9999	0,9988	76,3947571570762	84,2554610117753	0,3125	0,9983	2,48375453216731	1,95450856791746	0,9494	0,9988	63,4707317745118	68,9749526123819	0,9377	0,9801	0,0390541145416512	0,0311907455408107	0,9996	999	92,0150244904116	87,6464585244993	0,9914	0,9989	DRD2MT38	V255I	106,456066354562	13,8977716853876	5	999	95,7345703401793	5,35363620609183	5	0,9997	V255I	c.763G>A	255	255		ICL3	V	I		0	0	0	0	0	78,7928975951094
A29V  	1,19648135362991	0,687120249512224	0,9992	0,9982	71,9837467989575	67,1176980248258	0,1488	0,6821	1,94605727233454	2,11776576694169	0,9917	0,9982	61,9164152821397	67,6666142497236	0,9556	978	0,0385379042494758	0,0356496203232574	0,9995	0,9997	100,074058345824	103,838894340631	0,9986	0,9999	DRD2MT11	A29V	75,2243139899891	8,67074687167099	5	0,9985	88,2574043404188	3,29478826278041	5	0,9997	A29V	c.86C>T	29	29		N-term	A	V		0	0	0	0	0	78,7662378403503
R150H  4x40	0,894563954542406	0,616679304511642	0,9983	0,9813	74,9055182510926	89,276432966687	0,2471	0,9989	1,87743298304207	2,0327218900541	0,9813	0,9813	65,0629127673458	67,2485917468044	0,9605	0,9773	0,0466144365451113	0,0377306102293433	0,9997	0,9999	84,593983804796	86,5920861418729	0,9549	0,9988	DRD2MT24	R150H	82,1651246191712	5,62573050148644	5	0,9992	81,3132730309088	5,5572738786563	5	0,9991	R150H	c.449G>A	150	150	4.40x40	TM4	R	H	4x40	0	0	0	0	0	77,9465876130998
H334Q  	1,0663487525949	0,793268154362663	0,9999	0,9991	74,7019594334168	76,7839643634852	0,2391	0,9798	2,31880394834561	1,87298337246393	0,7988	0,9991	69,4864752195557	56,9277402374983	0,9809	0,7233	0,0393199281150265	0,0359233683975432	0,9996	0,9997	93,7506892659622	87,3554952970766	998	0,9989	DRD2MT44	H334Q	87,3253784560902	6,0504238270654	5	0,9996	85,5896679219598	8,56726172964053	5	0,9996	H334Q	c.1002C>G	334	334		ICL3	H	Q		0	0	0	0	0	76,5010539694991
K327E  	0,849451728491821	0,757862722733834	991	0,9988	77,65757535882	58,2995880331512	376	0,2891	2,1224123524597	1,83398888607115	0,5888	0,9988	69,1930694052811	69,5221939822753	0,9805	0,9809	0,043927388937064	0,0399643182778636	0,9999	0,9998	96,0119701290634	86,8817901151446	0,9982	0,9988	DRD2MT02	K327E	93,277008163577	6,39099040495032	4	0,9999	99,8091033738428	4,1383066341234	4	0,9994	K327E	c.979A>G	327	327		ICL3	K	E		0	0	0	0	0	76,2610311706226
G173R  	1,10311038184749	0,868155708880436	0,9999	0,9996	86,9127130025116	85,1441396548345	0,9273	0,9984	2,39880766113144	2,47259692739253	0,9997	0,9996	60,5551790421666	81,8237936497825	0,8703	0,9986	0,0314403217756773	0,0274501574050475	0,9985	0,9982	69,0200256605376	68,3162569826458	0,3706	0,8801	DRD2MT85	G173R	59,6289172667026	12,6407060698951	5	0,8349	68,7518156347889	10,1469067484652	5	984	G173R	c.517G>A	173	173		ECL2	G	R		0	0	0	0	0	75,2953513320798
V381M  6x43	0,954588114570275	0,675811020805013	999	998	66,8474732183446	67,5964287983299	52	0,7065	2,35040299381425	2,57732137860271	0,9999	998	75,1819818847517	72,5095472311346	0,9979	991	0,0363196931965377	0,0323944100031003	0,9993	0,9992	84,4742365067691	81,0729677642589	0,9528	0,9982	DRD2MT36	V381M	77,8666498491823	5,66736602839051	5	0,9988	85,8779561212322	3,7846440650303	5	0,9996	V381M	c.1141G>A	381	381	6.43x43	TM6	V	M	6x43	0	0	0	0	0	74,6137725672648
Q366K  6x28	1,05226912575991	0,630620356211234	0,9997	0,9833	79,0014015493089	76,3385982918749	0,4517	0,9789	2,21365847077758	2,26661894442133	0,9989	0,9833	59,0537737189831	60,7300543190637	0,8256	0,8598	0,0459146041528592	0,041624996372128	0,9997	0,9996	88,0082745124593	81,5437903748205	0,9798	0,9982	DRD2MT45	Q366K	85,8092052463957	5,91110243354389	5	0,9995	84,703642305118	6,90834305091142	5	0,9994	Q366K	c.1096C>A	366	366	6.28x28	TM6	Q	K	6x28	0	0	0	0	0	74,1126487944184
L315Del  	1,15346145121667	0,829322109134451	0,9996	0,9993	72,1337714087967	65,7979437877178	0,1529	0,6152	2,29024579103503	1,98959541280587	0,9767	0,9993	70,4340969514016	59,64762700573	0,9821	0,8242	0,045292333407201	0,0377612926490701	0,9998	0,9999	87,3278423614211	88,1414010592529	0,9786	999	DRD2MT43	L315Del	72,4088736889851	8,53619434256621	5	0,9982	81,8026607213572	5,84930888442523	5	0,9992	L315Del	c.944_946delTCC	315	315		ICL3	L	Del		0	0	0	0	0	73,9137804290534
Y37C  1x35	0,78921627140699	0,677107345921981	0,9441	998	75,2305224288797	87,0192381464833	0,2605	0,9986	1,84162934311766	2,03764643646693	0,9817	998	69,9079196141604	60,7645430618214	0,9814	0,8608	0,0252145371525068	0,025057918397249	0,9793	0,9907	70,6756478832048	75,3547259590718	0,4302	982	DRD2MT46	Y37C	34,9069798914073	4,53839102594315	5	41	48,1069479222735	6,71185339570981	5	0,2349	Y37C	c.110A>G	37	37	1.35x35	TM1	Y	C	1x35	0	0	0	0	0	73,1587661822702
V96A  2x65	0,84195294047634	0,929239519060897	0,9835	0,9999	67,4155720588714	65,2434468431785	0,0589	0,5874	2,31777451237833	2,02789872795119	0,9776	0,9999	60,1501836099821	67,442450637694	0,8588	0,9777	0,031431557528969	0,0301810161248127	0,9985	0,9988	92,8039665922848	78,2223905328583	0,9919	0,9918	DRD2MT48	V96A	55,3449385302469	11,7296410296494	5	622	64,6916736962826	15,1538149254516	5	0,9629	V96A	c.287T>C	96	96	2.66x65	TM2	V	A	2x65	0	0	0	0	0	71,8796683791449
R20P  	1,03894063152524	1,09305332857619	0,9997	0,9992	66,8784264008533	77,4750301220585	0,0523	0,9811	1,89002888484556	1,9464373865841	0,8796	0,9992	47,219789450353	58,2159588820559	0,4151	0,7729	0,0524673616183201	0,0309577241254312	999	999	79,7949277867297	78,9055103318793	0,8107	0,9979	DRD2MT18	R20P	69,4604132977241	13,2599981757463	5	0,9914	66,5677297453683	6,68331195805988	5	0,9792	R20P	c.59G>C	20	20		N-term	R	P		0	0	0	0	0	68,0816071623216
A64V  12x49	1,14324024807774	0,811946186581954	0,9996	0,9992	68,9230075538355	59,6840884859814	0,0814	0,3389	2,515097643418	2,21501583850161	0,9985	0,9992	54,7551429905173	66,0670646334938	0,7822	0,9793	0,0545743481884731	0,0396843067779764	0,9986	0,9999	83,2069883593959	73,849225645396	923	0,9794	DRD2MT06	A64V	114,532704461329	9,17954064981459	5	998	136,445740677416	24,5181556416807	5	0,2117	A64V	c.191C>T	64	64	12.49x49	ICL1	A	V	12x49	0	0	0	0	0	67,7475862781033
E368D  6x30	0,921938952708926	0,897621613341329	0,9986	0,9997	70,6306235733756	60,4791932114285	0,1149	0,3699	2,44605452236551	1,45571240184794	0,0675	0,9997	53,9955653017788	45,9345060954434	0,6484	0,3223	0,0495772315009844	0,0326082888025338	0,9993	0,9992	93,4845175260607	70,5293547188985	0,9979	0,9451	DRD2MT66	E368D	81,8559597920948	9,70057321495549	5	0,9992	85,8259874468836	11,3994497231685	5	0,9996	E368D	c.1104G>C	368	368	6.30x30	TM6	E	D	6x30	0	0	0	0	0	65,8422934044976
P310L  	1,03995360005315	0,795283930380938	0,9997	0,9991	80,9345224931034	84,3214792801874	0,5727	0,9983	1,92172974301043	1,74743793169216	0,6443	0,9991	62,6709317202693	50,4205089364357	0,9219	0,5981	0,064376401441628	0,0685180814431332	0,9069	0,0697	52,9998646452405	50,8712769331327	0,0551	0,1917	DRD2MT28	P310L	98,8505707994666	9,16925729934344	5	0,9996	94,90237834634	7,66176108636651	5	0,9998	P310L	c.929C>T	310	310		ICL3	P	L		0	0	0	0	0	63,7030973347282
